Date,Close,Prev_Close
2020-01-02,72.40052032470703,AAPL
2020-01-03,71.69662475585938,72.40052032470703
2020-01-06,72.26793670654297,71.69662475585938
2020-01-07,71.92805480957031,72.26793670654297
2020-01-08,73.08511352539062,71.92805480957031
2020-01-09,74.63750457763672,73.08511352539062
2020-01-10,74.80622100830078,74.63750457763672
2020-01-13,76.40442657470703,74.80622100830078
2020-01-14,75.37271881103516,76.40442657470703
2020-01-15,75.04969787597656,75.37271881103516
2020-01-16,75.98979187011719,75.04969787597656
2020-01-17,76.83110809326172,75.98979187011719
2020-01-21,76.3104019165039,76.83110809326172
2020-01-22,76.58280181884766,76.3104019165039
2020-01-23,76.95162963867188,76.58280181884766
2020-01-24,76.72984313964844,76.95162963867188
2020-01-27,74.47360229492188,76.72984313964844
2020-01-28,76.58039093017578,74.47360229492188
2020-01-29,78.18340301513672,76.58039093017578
2020-01-30,78.07011413574219,78.18340301513672
2020-01-31,74.60856628417969,78.07011413574219
2020-02-03,74.4036636352539,74.60856628417969
2020-02-04,76.86000061035156,74.4036636352539
2020-02-05,77.48674774169922,76.86000061035156
2020-02-06,78.39310455322266,77.48674774169922
2020-02-07,77.3275375366211,78.39310455322266
2020-02-10,77.69480895996094,77.3275375366211
2020-02-11,77.22604370117188,77.69480895996094
2020-02-12,79.05999755859375,77.22604370117188
2020-02-13,78.49699401855469,79.05999755859375
2020-02-14,78.516357421875,78.49699401855469
2020-02-18,77.07865905761719,78.516357421875
2020-02-19,78.19498443603516,77.07865905761719
2020-02-20,77.39277648925781,78.19498443603516
2020-02-21,75.64098358154297,77.39277648925781
2020-02-24,72.04801940917969,75.64098358154297
2020-02-25,69.60758972167969,72.04801940917969
2020-02-26,70.71182250976562,69.60758972167969
2020-02-27,66.08951568603516,70.71182250976562
2020-02-28,66.05085754394531,66.08951568603516
2020-03-02,72.20023345947266,66.05085754394531
2020-03-03,69.9072265625,72.20023345947266
2020-03-04,73.14982604980469,69.9072265625
2020-03-05,70.77706146240234,73.14982604980469
2020-03-06,69.83712005615234,70.77706146240234
2020-03-09,64.31356048583984,69.83712005615234
2020-03-10,68.94554138183594,64.31356048583984
2020-03-11,66.55101776123047,68.94554138183594
2020-03-12,59.978797912597656,66.55101776123047
2020-03-13,67.16474914550781,59.978797912597656
2020-03-16,58.52421951293945,67.16474914550781
2020-03-17,61.097530364990234,58.52421951293945
2020-03-18,59.60186767578125,61.097530364990234
2020-03-19,59.14519119262695,59.60186767578125
2020-03-20,55.39033126831055,59.14519119262695
2020-03-23,54.21361541748047,55.39033126831055
2020-03-24,59.65261459350586,54.21361541748047
2020-03-25,59.32399368286133,59.65261459350586
2020-03-26,62.4458122253418,59.32399368286133
2020-03-27,59.860408782958984,62.4458122253418
2020-03-30,61.56869888305664,59.860408782958984
2020-03-31,61.44305419921875,61.56869888305664
2020-04-01,58.21010208129883,61.44305419921875
2020-04-02,59.18143081665039,58.21010208129883
2020-04-03,58.3309211730957,59.18143081665039
2020-04-06,63.4195671081543,58.3309211730957
2020-04-07,62.685001373291016,63.4195671081543
2020-04-08,64.28939056396484,62.685001373291016
2020-04-09,64.75332641601562,64.28939056396484
2020-04-13,66.0242691040039,64.75332641601562
2020-04-14,69.35870361328125,66.0242691040039
2020-04-15,68.72564697265625,69.35870361328125
2020-04-16,69.271728515625,68.72564697265625
2020-04-17,68.33179473876953,69.271728515625
2020-04-20,66.91344451904297,68.33179473876953
2020-04-21,64.84513092041016,66.91344451904297
2020-04-22,66.7129135131836,64.84513092041016
2020-04-23,66.45437622070312,66.7129135131836
2020-04-24,68.37287902832031,66.45437622070312
2020-04-27,68.42123413085938,68.37287902832031
2020-04-28,67.31214904785156,68.42123413085938
2020-04-29,69.5230484008789,67.31214904785156
2020-04-30,70.98968505859375,69.5230484008789
2020-05-01,69.8468017578125,70.98968505859375
2020-05-04,70.83505249023438,69.8468017578125
2020-05-05,71.89820861816406,70.83505249023438
2020-05-06,72.6399917602539,71.89820861816406
2020-05-07,73.39142608642578,72.6399917602539
2020-05-08,75.13831329345703,73.39142608642578
2020-05-11,76.32061767578125,75.13831329345703
2020-05-12,75.44841766357422,76.32061767578125
2020-05-13,74.53742218017578,75.44841766357422
2020-05-14,74.99535369873047,74.53742218017578
2020-05-15,74.55195617675781,74.99535369873047
2020-05-18,76.30850982666016,74.55195617675781
2020-05-19,75.86756134033203,76.30850982666016
2020-05-20,77.34304809570312,75.86756134033203
2020-05-21,76.76641082763672,77.34304809570312
2020-05-22,77.26065826416016,76.76641082763672
2020-05-26,76.73733520507812,77.26065826416016
2020-05-27,77.07168579101562,76.73733520507812
2020-05-28,77.10560607910156,77.07168579101562
2020-05-29,77.03048706054688,77.10560607910156
2020-06-01,77.97781372070312,77.03048706054688
2020-06-02,78.33882141113281,77.97781372070312
2020-06-03,78.77005004882812,78.33882141113281
2020-06-04,78.09169006347656,78.77005004882812
2020-06-05,80.31582641601562,78.09169006347656
2020-06-08,80.79068756103516,80.31582641601562
2020-06-09,83.34191131591797,80.79068756103516
2020-06-10,85.48607635498047,83.34191131591797
2020-06-11,81.38184356689453,85.48607635498047
2020-06-12,82.08446502685547,81.38184356689453
2020-06-15,83.09962463378906,82.08446502685547
2020-06-16,85.30193328857422,83.09962463378906
2020-06-17,85.18321990966797,85.30193328857422
2020-06-18,85.21714782714844,85.18321990966797
2020-06-19,84.73017120361328,85.21714782714844
2020-06-22,86.947021484375,84.73017120361328
2020-06-23,88.80289459228516,86.947021484375
2020-06-24,87.2353286743164,88.80289459228516
2020-06-25,88.39344024658203,87.2353286743164
2020-06-26,85.6774673461914,88.39344024658203
2020-06-29,87.65205383300781,85.6774673461914
2020-06-30,88.38373565673828,87.65205383300781
2020-07-01,88.21656036376953,88.38373565673828
2020-07-02,88.21656036376953,88.21656036376953
2020-07-06,90.57637023925781,88.21656036376953
2020-07-07,90.29532623291016,90.57637023925781
2020-07-08,92.39832305908203,90.29532623291016
2020-07-09,92.79564666748047,92.39832305908203
2020-07-10,92.95800018310547,92.79564666748047
2020-07-13,92.5291519165039,92.95800018310547
2020-07-14,94.06037139892578,92.5291519165039
2020-07-15,94.70723724365234,94.06037139892578
2020-07-16,93.54188537597656,94.70723724365234
2020-07-17,93.3529052734375,93.54188537597656
2020-07-20,95.3202133178711,93.3529052734375
2020-07-21,94.00463104248047,95.3202133178711
2020-07-22,94.26872253417969,94.00463104248047
2020-07-23,89.97795104980469,94.26872253417969
2020-07-24,89.75505828857422,89.97795104980469
2020-07-27,91.88225555419922,89.75505828857422
2020-07-28,90.37285614013672,91.88225555419922
2020-07-29,92.10516357421875,90.37285614013672
2020-07-30,93.21965026855469,92.10516357421875
2020-07-31,102.97869110107422,93.21965026855469
2020-08-03,105.57350158691406,102.97869110107422
2020-08-04,106.27854919433594,105.57350158691406
2020-08-05,106.66377258300781,106.27854919433594
2020-08-06,110.38518524169922,106.66377258300781
2020-08-07,107.87548828125,110.38518524169922
2020-08-10,109.44345092773438,107.87548828125
2020-08-11,106.18862915039062,109.44345092773438
2020-08-12,109.71772003173828,106.18862915039062
2020-08-13,111.65946197509766,109.71772003173828
2020-08-14,111.55992126464844,111.65946197509766
2020-08-17,111.26868438720703,111.55992126464844
2020-08-18,112.19584655761719,111.26868438720703
2020-08-19,112.33663177490234,112.19584655761719
2020-08-20,114.829345703125,112.33663177490234
2020-08-21,120.74678039550781,114.829345703125
2020-08-24,122.19092559814453,120.74678039550781
2020-08-25,121.18852233886719,122.19092559814453
2020-08-26,122.83656311035156,121.18852233886719
2020-08-27,121.36812591552734,122.83656311035156
2020-08-28,121.17152404785156,121.36812591552734
2020-08-31,125.28071594238281,121.17152404785156
2020-09-01,130.27101135253906,125.28071594238281
2020-09-02,127.57195281982422,130.27101135253906
2020-09-03,117.35844421386719,127.57195281982422
2020-09-04,117.43610382080078,117.35844421386719
2020-09-08,109.53326416015625,117.43610382080078
2020-09-09,113.90213775634766,109.53326416015625
2020-09-10,110.18372344970703,113.90213775634766
2020-09-11,108.73713684082031,110.18372344970703
2020-09-14,111.99927520751953,108.73713684082031
2020-09-15,112.17401123046875,111.99927520751953
2020-09-16,108.86336517333984,112.17401123046875
2020-09-17,107.12550354003906,108.86336517333984
2020-09-18,103.72745513916016,107.12550354003906
2020-09-21,106.8730697631836,103.72745513916016
2020-09-22,108.55266571044922,106.8730697631836
2020-09-23,103.99929809570312,108.55266571044922
2020-09-24,105.06725311279297,103.99929809570312
2020-09-25,109.00899505615234,105.06725311279297
2020-09-28,111.61090087890625,109.00899505615234
2020-09-29,110.76625061035156,111.61090087890625
2020-09-30,112.4361343383789,110.76625061035156
2020-10-01,113.38758850097656,112.4361343383789
2020-10-02,109.7274398803711,113.38758850097656
2020-10-05,113.10603332519531,109.7274398803711
2020-10-06,109.86334991455078,113.10603332519531
2020-10-07,111.72740936279297,109.86334991455078
2020-10-08,111.62062072753906,111.72740936279297
2020-10-09,113.56234741210938,111.62062072753906
2020-10-12,120.77587890625,113.56234741210938
2020-10-13,117.57203674316406,120.77587890625
2020-10-14,117.659423828125,117.57203674316406
2020-10-15,117.19338989257812,117.659423828125
2020-10-16,115.55262756347656,117.19338989257812
2020-10-19,112.60118865966797,115.55262756347656
2020-10-20,114.08662414550781,112.60118865966797
2020-10-21,113.46527862548828,114.08662414550781
2020-10-22,112.3779067993164,113.46527862548828
2020-10-23,111.68856811523438,112.3779067993164
2020-10-26,111.69828033447266,111.68856811523438
2020-10-27,113.20313262939453,111.69828033447266
2020-10-28,107.96043395996094,113.20313262939453
2020-10-29,111.9604263305664,107.96043395996094
2020-10-30,105.6885986328125,111.9604263305664
2020-11-02,105.60122680664062,105.6885986328125
2020-11-03,107.22259521484375,105.60122680664062
2020-11-04,111.60120391845703,107.22259521484375
2020-11-05,115.56233978271484,111.60120391845703
2020-11-06,115.4310531616211,115.56233978271484
2020-11-09,113.12611389160156,115.4310531616211
2020-11-10,112.78572082519531,113.12611389160156
2020-11-11,116.2090835571289,112.78572082519531
2020-11-12,115.93675994873047,116.2090835571289
2020-11-13,115.98540496826172,115.93675994873047
2020-11-16,116.996826171875,115.98540496826172
2020-11-17,116.11183166503906,116.996826171875
2020-11-18,114.78915405273438,116.11183166503906
2020-11-19,115.3824234008789,114.78915405273438
2020-11-20,114.11809539794922,115.3824234008789
2020-11-23,110.72394561767578,114.11809539794922
2020-11-24,112.00769805908203,110.72394561767578
2020-11-25,112.8440933227539,112.00769805908203
2020-11-27,113.38870239257812,112.8440933227539
2020-11-30,115.78117370605469,113.38870239257812
2020-12-01,119.35038757324219,115.78117370605469
2020-12-02,119.70050811767578,119.35038757324219
2020-12-03,119.5643310546875,119.70050811767578
2020-12-04,118.89329528808594,119.5643310546875
2020-12-07,120.35210418701172,118.89329528808594
2020-12-08,120.96481323242188,120.35210418701172
2020-12-09,118.43620300292969,120.96481323242188
2020-12-10,119.8561019897461,118.43620300292969
2020-12-11,119.04889678955078,119.8561019897461
2020-12-14,118.43620300292969,119.04889678955078
2020-12-15,124.36870574951172,118.43620300292969
2020-12-16,124.3006362915039,124.36870574951172
2020-12-17,125.16618347167969,124.3006362915039
2020-12-18,123.18218231201172,125.16618347167969
2020-12-21,124.70909881591797,123.18218231201172
2020-12-22,128.25888061523438,124.70909881591797
2020-12-23,127.36416625976562,128.25888061523438
2020-12-24,128.34642028808594,127.36416625976562
2020-12-28,132.93679809570312,128.34642028808594
2020-12-29,131.16677856445312,132.93679809570312
2020-12-30,130.04833984375,131.16677856445312
2020-12-31,129.046630859375,130.04833984375
2021-01-04,125.85668182373047,129.046630859375
2021-01-05,127.41276550292969,125.85668182373047
2021-01-06,123.12385559082031,127.41276550292969
2021-01-07,127.3252182006836,123.12385559082031
2021-01-08,128.42420959472656,127.3252182006836
2021-01-11,125.4384994506836,128.42420959472656
2021-01-12,125.26344299316406,125.4384994506836
2021-01-13,127.29605102539062,125.26344299316406
2021-01-14,125.37043762207031,127.29605102539062
2021-01-15,123.64900970458984,125.37043762207031
2021-01-19,124.32007598876953,123.64900970458984
2021-01-20,128.4047393798828,124.32007598876953
2021-01-21,133.11183166503906,128.4047393798828
2021-01-22,135.25143432617188,133.11183166503906
2021-01-25,138.99575805664062,135.25143432617188
2021-01-26,139.2291717529297,138.99575805664062
2021-01-27,138.15936279296875,139.2291717529297
2021-01-28,133.32583618164062,138.15936279296875
2021-01-29,128.33670043945312,133.32583618164062
2021-02-01,130.4568328857422,128.33670043945312
2021-02-02,131.2834930419922,130.4568328857422
2021-02-03,130.26229858398438,131.2834930419922
2021-02-04,133.61758422851562,130.26229858398438
2021-02-05,133.20361328125,133.61758422851562
2021-02-08,133.34974670410156,133.20361328125
2021-02-09,132.47314453125,133.34974670410156
2021-02-10,131.86924743652344,132.47314453125
2021-02-11,131.6160430908203,131.86924743652344
2021-02-12,131.84982299804688,131.6160430908203
2021-02-16,129.72645568847656,131.84982299804688
2021-02-17,127.43754577636719,129.72645568847656
2021-02-18,126.33697509765625,127.43754577636719
2021-02-19,126.49279022216797,126.33697509765625
2021-02-22,122.72344207763672,126.49279022216797
2021-02-23,122.58708190917969,122.72344207763672
2021-02-24,122.09033966064453,122.58708190917969
2021-02-25,117.84371948242188,122.09033966064453
2021-02-26,118.10669708251953,117.84371948242188
2021-03-01,124.46688079833984,118.10669708251953
2021-03-02,121.86632537841797,124.46688079833984
2021-03-03,118.8858871459961,121.86632537841797
2021-03-04,117.00609588623047,118.8858871459961
2021-03-05,118.26254272460938,117.00609588623047
2021-03-08,113.33412170410156,118.26254272460938
2021-03-09,117.94110870361328,113.33412170410156
2021-03-10,116.85999298095703,117.94110870361328
2021-03-11,118.7884750366211,116.85999298095703
2021-03-12,117.88268280029297,118.7884750366211
2021-03-15,120.76569366455078,117.88268280029297
2021-03-16,122.30462646484375,120.76569366455078
2021-03-17,121.51567840576172,122.30462646484375
2021-03-18,117.39567565917969,121.51567840576172
2021-03-19,116.86973571777344,117.39567565917969
2021-03-22,120.18128967285156,116.86973571777344
2021-03-23,119.3534164428711,120.18128967285156
2021-03-24,116.96710968017578,119.3534164428711
2021-03-25,117.45411682128906,116.96710968017578
2021-03-26,118.05799102783203,117.45411682128906
2021-03-29,118.23331451416016,118.05799102783203
2021-03-30,116.78207397460938,118.23331451416016
2021-03-31,118.97355651855469,116.78207397460938
2021-04-01,119.80145263671875,118.97355651855469
2021-04-05,122.62603759765625,119.80145263671875
2021-04-06,122.9280014038086,122.62603759765625
2021-04-07,124.57404327392578,122.9280014038086
2021-04-08,126.9700698852539,124.57404327392578
2021-04-09,129.54144287109375,126.9700698852539
2021-04-12,127.82718658447266,129.54144287109375
2021-04-13,130.9342041015625,127.82718658447266
2021-04-14,128.5966033935547,130.9342041015625
2021-04-15,131.00238037109375,128.5966033935547
2021-04-16,130.67124938964844,131.00238037109375
2021-04-19,131.3335723876953,130.67124938964844
2021-04-20,129.64857482910156,131.3335723876953
2021-04-21,130.02838134765625,129.64857482910156
2021-04-22,128.50897216796875,130.02838134765625
2021-04-23,130.8271026611328,128.50897216796875
2021-04-26,131.21669006347656,130.8271026611328
2021-04-27,130.895263671875,131.21669006347656
2021-04-28,130.1063232421875,130.895263671875
2021-04-29,130.00894165039062,130.1063232421875
2021-04-30,128.04148864746094,130.00894165039062
2021-05-03,129.09336853027344,128.04148864746094
2021-05-04,124.52532958984375,129.09336853027344
2021-05-05,124.76881408691406,124.52532958984375
2021-05-06,126.36619567871094,124.76881408691406
2021-05-07,127.03936004638672,126.36619567871094
2021-05-10,123.76119995117188,127.03936004638672
2021-05-11,122.8440933227539,123.76119995117188
2021-05-12,119.78054809570312,122.8440933227539
2021-05-13,121.9269790649414,119.78054809570312
2021-05-14,124.34658813476562,121.9269790649414
2021-05-17,123.19532012939453,124.34658813476562
2021-05-18,121.80988311767578,123.19532012939453
2021-05-19,121.65379333496094,121.80988311767578
2021-05-20,124.21000671386719,121.65379333496094
2021-05-21,122.37576293945312,124.21000671386719
2021-05-24,124.0051040649414,122.37576293945312
2021-05-25,123.80999755859375,124.0051040649414
2021-05-26,123.76119995117188,123.80999755859375
2021-05-27,122.22942352294922,123.76119995117188
2021-05-28,121.57574462890625,122.22942352294922
2021-06-01,121.2537841796875,121.57574462890625
2021-06-02,122.01476287841797,121.2537841796875
2021-06-03,120.53180694580078,122.01476287841797
2021-06-04,122.8245620727539,120.53180694580078
2021-06-07,122.8343276977539,122.8245620727539
2021-06-08,123.65388488769531,122.8343276977539
2021-06-09,124.03438568115234,123.65388488769531
2021-06-10,123.03921508789062,124.03438568115234
2021-06-11,124.24900817871094,123.03921508789062
2021-06-14,127.30281829833984,124.24900817871094
2021-06-15,126.48326873779297,127.30281829833984
2021-06-16,126.9808349609375,126.48326873779297
2021-06-17,128.58091735839844,126.9808349609375
2021-06-18,127.2833023071289,128.58091735839844
2021-06-21,129.07846069335938,127.2833023071289
2021-06-22,130.71759033203125,129.07846069335938
2021-06-23,130.44439697265625,130.71759033203125
2021-06-24,130.1614990234375,130.44439697265625
2021-06-25,129.86878967285156,130.1614990234375
2021-06-28,131.49810791015625,129.86878967285156
2021-06-29,133.01034545898438,131.49810791015625
2021-06-30,133.625,133.01034545898438
2021-07-01,133.927490234375,133.625
2021-07-02,136.55194091796875,133.927490234375
2021-07-06,138.5618133544922,136.55194091796875
2021-07-07,141.04974365234375,138.5618133544922
2021-07-08,139.75210571289062,141.04974365234375
2021-07-09,141.57656860351562,139.75210571289062
2021-07-12,140.98146057128906,141.57656860351562
2021-07-13,142.09368896484375,140.98146057128906
2021-07-14,145.51820373535156,142.09368896484375
2021-07-15,144.86447143554688,145.51820373535156
2021-07-16,142.82540893554688,144.86447143554688
2021-07-19,138.9813690185547,142.82540893554688
2021-07-20,142.5911865234375,138.9813690185547
2021-07-21,141.85946655273438,142.5911865234375
2021-07-22,143.2253875732422,141.85946655273438
2021-07-23,144.94256591796875,143.2253875732422
2021-07-26,145.3621368408203,144.94256591796875
2021-07-27,143.19618225097656,145.3621368408203
2021-07-28,141.44973754882812,143.19618225097656
2021-07-29,142.09368896484375,141.44973754882812
2021-07-30,142.3083038330078,142.09368896484375
2021-08-02,141.97657775878906,142.3083038330078
2021-08-03,143.7717742919922,141.97657775878906
2021-08-04,143.3717498779297,143.7717742919922
2021-08-05,143.47906494140625,143.3717498779297
2021-08-06,142.7951202392578,143.47906494140625
2021-08-09,142.74624633789062,142.7951202392578
2021-08-10,142.26748657226562,142.74624633789062
2021-08-11,142.52154541015625,142.26748657226562
2021-08-12,145.482177734375,142.52154541015625
2021-08-13,145.68734741210938,145.482177734375
2021-08-16,147.66110229492188,145.68734741210938
2021-08-17,146.7523956298828,147.66110229492188
2021-08-18,143.0100555419922,146.7523956298828
2021-08-19,143.3423309326172,143.0100555419922
2021-08-20,144.79815673828125,143.3423309326172
2021-08-23,146.28338623046875,144.79815673828125
2021-08-24,146.19544982910156,146.28338623046875
2021-08-25,144.9642791748047,146.19544982910156
2021-08-26,144.16305541992188,144.9642791748047
2021-08-27,145.1988067626953,144.16305541992188
2021-08-30,149.61534118652344,145.1988067626953
2021-08-31,148.35488891601562,149.61534118652344
2021-09-01,149.01931762695312,148.35488891601562
2021-09-02,150.1332244873047,149.01931762695312
2021-09-03,150.7683563232422,150.1332244873047
2021-09-07,153.10366821289062,150.7683563232422
2021-09-08,151.559814453125,153.10366821289062
2021-09-09,150.54359436035156,151.559814453125
2021-09-10,145.56031799316406,150.54359436035156
2021-09-13,146.12701416015625,145.56031799316406
2021-09-14,144.72975158691406,146.12701416015625
2021-09-15,145.61898803710938,144.72975158691406
2021-09-16,145.3844757080078,145.61898803710938
2021-09-17,142.7169647216797,145.3844757080078
2021-09-20,139.6683349609375,142.7169647216797
2021-09-21,140.14712524414062,139.6683349609375
2021-09-22,142.5117645263672,140.14712524414062
2021-09-23,143.4693145751953,142.5117645263672
2021-09-24,143.55726623535156,143.4693145751953
2021-09-27,142.04270935058594,143.55726623535156
2021-09-28,138.66192626953125,142.04270935058594
2021-09-29,139.56085205078125,138.66192626953125
2021-09-30,138.26132202148438,139.56085205078125
2021-10-01,139.38499450683594,138.26132202148438
2021-10-04,135.95530700683594,139.38499450683594
2021-10-05,137.8802490234375,135.95530700683594
2021-10-06,138.7498779296875,137.8802490234375
2021-10-07,140.01031494140625,138.7498779296875
2021-10-08,139.6292266845703,140.01031494140625
2021-10-11,139.5413055419922,139.6292266845703
2021-10-12,138.2710723876953,139.5413055419922
2021-10-13,137.684814453125,138.2710723876953
2021-10-14,140.46954345703125,137.684814453125
2021-10-15,141.52484130859375,140.46954345703125
2021-10-18,143.1957244873047,141.52484130859375
2021-10-19,145.35513305664062,143.1957244873047
2021-10-20,145.8437042236328,145.35513305664062
2021-10-21,146.05865478515625,145.8437042236328
2021-10-22,145.28672790527344,146.05865478515625
2021-10-25,145.23789978027344,145.28672790527344
2021-10-26,145.90231323242188,145.23789978027344
2021-10-27,145.44308471679688,145.90231323242188
2021-10-28,149.0779266357422,145.44308471679688
2021-10-29,146.37136840820312,149.0779266357422
2021-11-01,145.55056762695312,146.37136840820312
2021-11-02,146.58633422851562,145.55056762695312
2021-11-03,148.02264404296875,146.58633422851562
2021-11-04,147.50477600097656,148.02264404296875
2021-11-05,148.033203125,147.50477600097656
2021-11-08,147.21124267578125,148.033203125
2021-11-09,147.5732879638672,147.21124267578125
2021-11-10,144.74533081054688,147.5732879638672
2021-11-11,144.69638061523438,144.74533081054688
2021-11-12,146.7708740234375,144.69638061523438
2021-11-15,146.7806854248047,146.7708740234375
2021-11-16,147.75921630859375,146.7806854248047
2021-11-17,150.19573974609375,147.75921630859375
2021-11-18,154.48178100585938,150.19573974609375
2021-11-19,157.10421752929688,154.48178100585938
2021-11-22,157.56414794921875,157.10421752929688
2021-11-23,157.94578552246094,157.56414794921875
2021-11-24,158.46441650390625,157.94578552246094
2021-11-26,153.44448852539062,158.46441650390625
2021-11-29,156.80091857910156,153.44448852539062
2021-11-30,161.7523193359375,156.80091857910156
2021-12-01,161.2337188720703,161.7523193359375
2021-12-02,160.24534606933594,161.2337188720703
2021-12-03,158.36654663085938,160.24534606933594
2021-12-06,161.77188110351562,158.36654663085938
2021-12-07,167.50611877441406,161.77188110351562
2021-12-08,171.32237243652344,167.50611877441406
2021-12-09,170.8135528564453,171.32237243652344
2021-12-10,175.59860229492188,170.8135528564453
2021-12-13,171.9682159423828,175.59860229492188
2021-12-14,170.58851623535156,171.9682159423828
2021-12-15,175.45184326171875,170.58851623535156
2021-12-16,168.56289672851562,175.45184326171875
2021-12-17,167.46697998046875,168.56289672851562
2021-12-20,166.10679626464844,167.46697998046875
2021-12-21,169.2772674560547,166.10679626464844
2021-12-22,171.87039184570312,169.2772674560547
2021-12-23,172.49664306640625,171.87039184570312
2021-12-27,176.45974731445312,172.49664306640625
2021-12-28,175.44203186035156,176.45974731445312
2021-12-29,175.5301055908203,175.44203186035156
2021-12-30,174.3754425048828,175.5301055908203
2021-12-31,173.75897216796875,174.3754425048828
2022-01-03,178.10366821289062,173.75897216796875
2022-01-04,175.84323120117188,178.10366821289062
2022-01-05,171.1658172607422,175.84323120117188
2022-01-06,168.30848693847656,171.1658172607422
2022-01-07,168.47486877441406,168.30848693847656
2022-01-10,168.4944305419922,168.47486877441406
2022-01-11,171.32237243652344,168.4944305419922
2022-01-12,171.76272583007812,171.32237243652344
2022-01-13,168.4944305419922,171.76272583007812
2022-01-14,169.35556030273438,168.4944305419922
2022-01-18,166.1557159423828,169.35556030273438
2022-01-19,162.66232299804688,166.1557159423828
2022-01-20,160.979248046875,162.66232299804688
2022-01-21,158.92433166503906,160.979248046875
2022-01-24,158.1512451171875,158.92433166503906
2022-01-25,156.3507843017578,158.1512451171875
2022-01-26,156.26271057128906,156.3507843017578
2022-01-27,155.8028106689453,156.26271057128906
2022-01-28,166.6743621826172,155.8028106689453
2022-01-31,171.0288543701172,166.6743621826172
2022-02-01,170.8625030517578,171.0288543701172
2022-02-02,172.0661163330078,170.8625030517578
2022-02-03,169.18919372558594,172.0661163330078
2022-02-04,168.90505981445312,169.18919372558594
2022-02-07,168.18983459472656,168.90505981445312
2022-02-08,171.29571533203125,168.18983459472656
2022-02-09,172.7164306640625,171.29571533203125
2022-02-10,168.64053344726562,172.7164306640625
2022-02-11,165.23086547851562,168.64053344726562
2022-02-14,165.4659881591797,165.23086547851562
2022-02-15,169.2969207763672,165.4659881591797
2022-02-16,169.0618438720703,169.2969207763672
2022-02-17,165.4659881591797,169.0618438720703
2022-02-18,163.9179229736328,165.4659881591797
2022-02-22,160.99818420410156,163.9179229736328
2022-02-23,156.83412170410156,160.99818420410156
2022-02-24,159.4501495361328,156.83412170410156
2022-02-25,161.5175323486328,159.4501495361328
2022-02-28,161.7820281982422,161.5175323486328
2022-03-01,159.90084838867188,161.7820281982422
2022-03-02,163.19287109375,159.90084838867188
2022-03-03,162.86956787109375,163.19287109375
2022-03-04,159.8714599609375,162.86956787109375
2022-03-07,156.07969665527344,159.8714599609375
2022-03-08,154.2572784423828,156.07969665527344
2022-03-09,159.65586853027344,154.2572784423828
2022-03-10,155.31544494628906,159.65586853027344
2022-03-11,151.60205078125,155.31544494628906
2022-03-14,147.5751495361328,151.60205078125
2022-03-15,151.95477294921875,147.5751495361328
2022-03-16,156.36383056640625,151.95477294921875
2022-03-17,157.37301635742188,156.36383056640625
2022-03-18,160.66506958007812,157.37301635742188
2022-03-21,162.03675842285156,160.66506958007812
2022-03-22,165.40721130371094,162.03675842285156
2022-03-23,166.76913452148438,165.40721130371094
2022-03-24,170.55108642578125,166.76913452148438
2022-03-25,171.18792724609375,170.55108642578125
2022-03-28,172.05015563964844,171.18792724609375
2022-03-29,175.34225463867188,172.05015563964844
2022-03-30,174.17628479003906,175.34225463867188
2022-03-31,171.0802001953125,174.17628479003906
2022-04-01,170.7862091064453,171.0802001953125
2022-04-04,174.83273315429688,170.7862091064453
2022-04-05,171.52108764648438,174.83273315429688
2022-04-06,168.35635375976562,171.52108764648438
2022-04-07,168.66012573242188,168.35635375976562
2022-04-08,166.65155029296875,168.66012573242188
2022-04-11,162.3992919921875,166.65155029296875
2022-04-12,164.27066040039062,162.3992919921875
2022-04-13,166.95526123046875,164.27066040039062
2022-04-14,161.9485321044922,166.95526123046875
2022-04-18,161.7330322265625,161.9485321044922
2022-04-19,164.0159149169922,161.7330322265625
2022-04-20,163.849365234375,164.0159149169922
2022-04-21,163.05575561523438,163.849365234375
2022-04-22,158.5193328857422,163.05575561523438
2022-04-25,159.58729553222656,158.5193328857422
2022-04-26,153.63021850585938,159.58729553222656
2022-04-27,153.40484619140625,153.63021850585938
2022-04-28,160.33189392089844,153.40484619140625
2022-04-29,154.46304321289062,160.33189392089844
2022-05-02,154.7667999267578,154.46304321289062
2022-05-03,156.2560272216797,154.7667999267578
2022-05-04,162.66383361816406,156.2560272216797
2022-05-05,153.6007843017578,162.66383361816406
2022-05-06,154.32693481445312,153.6007843017578
2022-05-09,149.2049102783203,154.32693481445312
2022-05-10,151.6089324951172,149.2049102783203
2022-05-11,143.7493438720703,151.6089324951172
2022-05-12,139.88328552246094,143.7493438720703
2022-05-13,144.34786987304688,139.88328552246094
2022-05-16,142.807373046875,144.34786987304688
2022-05-17,146.43789672851562,142.807373046875
2022-05-18,138.17599487304688,146.43789672851562
2022-05-19,134.77113342285156,138.17599487304688
2022-05-20,135.00662231445312,134.77113342285156
2022-05-23,140.42298889160156,135.00662231445312
2022-05-24,137.72462463378906,140.42298889160156
2022-05-25,137.88160705566406,137.72462463378906
2022-05-26,141.08035278320312,137.88160705566406
2022-05-27,146.8303680419922,141.08035278320312
2022-05-31,146.04537963867188,146.8303680419922
2022-06-01,145.91783142089844,146.04537963867188
2022-06-02,148.37088012695312,145.91783142089844
2022-06-03,142.6503448486328,148.37088012695312
2022-06-06,143.39608764648438,142.6503448486328
2022-06-07,145.91783142089844,143.39608764648438
2022-06-08,145.1819305419922,145.91783142089844
2022-06-09,139.96182250976562,145.1819305419922
2022-06-10,134.55526733398438,139.96182250976562
2022-06-13,129.4038848876953,134.55526733398438
2022-06-14,130.2672882080078,129.4038848876953
2022-06-15,132.88714599609375,130.2672882080078
2022-06-16,127.6180191040039,132.88714599609375
2022-06-17,129.08985900878906,127.6180191040039
2022-06-21,133.3188934326172,129.08985900878906
2022-06-22,132.80868530273438,133.3188934326172
2022-06-23,135.67385864257812,132.80868530273438
2022-06-24,139.00021362304688,135.67385864257812
2022-06-27,139.00021362304688,139.00021362304688
2022-06-28,134.8594207763672,139.00021362304688
2022-06-29,136.61581420898438,134.8594207763672
2022-06-30,134.15296936035156,136.61581420898438
2022-07-01,136.32147216796875,134.15296936035156
2022-07-05,138.90206909179688,136.32147216796875
2022-07-06,140.23654174804688,138.90206909179688
2022-07-07,143.60215759277344,140.23654174804688
2022-07-08,144.27919006347656,143.60215759277344
2022-07-11,142.14990234375,144.27919006347656
2022-07-12,143.12135314941406,142.14990234375
2022-07-13,142.75828552246094,143.12135314941406
2022-07-14,145.68235778808594,142.75828552246094
2022-07-15,147.3504180908203,145.68235778808594
2022-07-18,144.30860900878906,147.3504180908203
2022-07-19,148.16482543945312,144.30860900878906
2022-07-20,150.16653442382812,148.16482543945312
2022-07-21,152.43313598632812,150.16653442382812
2022-07-22,151.19683837890625,152.43313598632812
2022-07-25,150.07823181152344,151.19683837890625
2022-07-26,148.75355529785156,150.07823181152344
2022-07-27,153.8461151123047,148.75355529785156
2022-07-28,154.39559936523438,153.8461151123047
2022-07-29,159.458740234375,154.39559936523438
2022-08-01,158.4774932861328,159.458740234375
2022-08-02,157.00567626953125,158.4774932861328
2022-08-03,163.01077270507812,157.00567626953125
2022-08-04,162.69677734375,163.01077270507812
2022-08-05,162.47076416015625,162.69677734375
2022-08-08,161.99911499023438,162.47076416015625
2022-08-09,162.0482635498047,161.99911499023438
2022-08-10,166.29306030273438,162.0482635498047
2022-08-11,165.55609130859375,166.29306030273438
2022-08-12,169.10325622558594,165.55609130859375
2022-08-15,170.1742401123047,169.10325622558594
2022-08-16,170.0170440673828,170.1742401123047
2022-08-17,171.5105438232422,170.0170440673828
2022-08-18,171.11752319335938,171.5105438232422
2022-08-19,168.53334045410156,171.11752319335938
2022-08-22,164.65213012695312,168.53334045410156
2022-08-23,164.31805419921875,164.65213012695312
2022-08-24,164.61280822753906,164.31805419921875
2022-08-25,167.06930541992188,164.61280822753906
2022-08-26,160.77090454101562,167.06930541992188
2022-08-29,158.56991577148438,160.77090454101562
2022-08-30,156.14292907714844,158.56991577148438
2022-08-31,154.48231506347656,156.14292907714844
2022-09-01,155.20945739746094,154.48231506347656
2022-09-02,153.0968780517578,155.20945739746094
2022-09-06,151.83917236328125,153.0968780517578
2022-09-07,153.24429321289062,151.83917236328125
2022-09-08,151.77040100097656,153.24429321289062
2022-09-09,154.62969970703125,151.77040100097656
2022-09-12,160.58421325683594,154.62969970703125
2022-09-13,151.16114807128906,160.58421325683594
2022-09-14,152.60560607910156,151.16114807128906
2022-09-15,149.716796875,152.60560607910156
2022-09-16,148.0758819580078,149.716796875
2022-09-19,151.79002380371094,148.0758819580078
2022-09-20,154.1678924560547,151.79002380371094
2022-09-21,151.0432891845703,154.1678924560547
2022-09-22,150.08033752441406,151.0432891845703
2022-09-23,147.81056213378906,150.08033752441406
2022-09-26,148.14463806152344,147.81056213378906
2022-09-27,149.11740112304688,148.14463806152344
2022-09-28,147.2308349609375,149.11740112304688
2022-09-29,139.9989776611328,147.2308349609375
2022-09-30,135.79351806640625,139.9989776611328
2022-10-03,139.96954345703125,135.79351806640625
2022-10-04,143.55596923828125,139.96954345703125
2022-10-05,143.8507080078125,143.55596923828125
2022-10-06,142.8976287841797,143.8507080078125
2022-10-07,137.65060424804688,142.8976287841797
2022-10-10,137.974853515625,137.65060424804688
2022-10-11,136.5599365234375,137.974853515625
2022-10-12,135.93109130859375,136.5599365234375
2022-10-13,140.5001220703125,135.93109130859375
2022-10-14,135.9703826904297,140.5001220703125
2022-10-17,139.9302215576172,135.9703826904297
2022-10-18,141.2469024658203,139.9302215576172
2022-10-19,141.35496520996094,141.2469024658203
2022-10-20,140.89317321777344,141.35496520996094
2022-10-21,144.70558166503906,140.89317321777344
2022-10-24,146.84762573242188,144.70558166503906
2022-10-25,149.68728637695312,146.84762573242188
2022-10-26,146.74937438964844,149.68728637695312
2022-10-27,142.27862548828125,146.74937438964844
2022-10-28,153.02809143066406,142.27862548828125
2022-10-31,150.66989135742188,153.02809143066406
2022-11-01,148.0267333984375,150.66989135742188
2022-11-02,142.50457763671875,148.0267333984375
2022-11-03,136.4617156982422,142.50457763671875
2022-11-04,136.19593811035156,136.4617156982422
2022-11-07,136.72743225097656,136.19593811035156
2022-11-08,137.29827880859375,136.72743225097656
2022-11-09,132.74131774902344,137.29827880859375
2022-11-10,144.55197143554688,132.74131774902344
2022-11-11,147.3372802734375,144.55197143554688
2022-11-14,145.93968200683594,147.3372802734375
2022-11-15,147.6719207763672,145.93968200683594
2022-11-16,146.44161987304688,147.6719207763672
2022-11-17,148.34120178222656,146.44161987304688
2022-11-18,148.90219116210938,148.34120178222656
2022-11-21,145.67396545410156,148.90219116210938
2022-11-22,147.80970764160156,145.67396545410156
2022-11-23,148.68563842773438,147.80970764160156
2022-11-25,145.7723846435547,148.68563842773438
2022-11-28,141.9438018798828,145.7723846435547
2022-11-29,138.94189453125,141.9438018798828
2022-11-30,145.6936492919922,138.94189453125
2022-12-01,145.96923828125,145.6936492919922
2022-12-02,145.4771270751953,145.96923828125
2022-12-05,144.31576538085938,145.4771270751953
2022-12-06,140.65444946289062,144.31576538085938
2022-12-07,138.71556091308594,140.65444946289062
2022-12-08,140.3985595703125,138.71556091308594
2022-12-09,139.91629028320312,140.3985595703125
2022-12-12,142.20948791503906,139.91629028320312
2022-12-13,143.17404174804688,142.20948791503906
2022-12-14,140.94972229003906,143.17404174804688
2022-12-15,134.3456268310547,140.94972229003906
2022-12-16,132.38702392578125,134.3456268310547
2022-12-19,130.2808074951172,132.38702392578125
2022-12-20,130.21188354492188,130.2808074951172
2022-12-21,133.31219482421875,130.21188354492188
2022-12-22,130.14300537109375,133.31219482421875
2022-12-23,129.7788543701172,130.14300537109375
2022-12-27,127.97773742675781,129.7788543701172
2022-12-28,124.05070495605469,127.97773742675781
2022-12-29,127.5643310546875,124.05070495605469
2022-12-30,127.87930297851562,127.5643310546875
2023-01-03,123.09603118896484,127.87930297851562
2023-01-04,124.36566162109375,123.09603118896484
2023-01-05,123.04681396484375,124.36566162109375
2023-01-06,127.57421875,123.04681396484375
2023-01-09,128.09584045410156,127.57421875
2023-01-10,128.66668701171875,128.09584045410156
2023-01-11,131.38311767578125,128.66668701171875
2023-01-12,131.30438232421875,131.38311767578125
2023-01-13,132.63307189941406,131.30438232421875
2023-01-17,133.79444885253906,132.63307189941406
2023-01-18,133.0760040283203,133.79444885253906
2023-01-19,133.13502502441406,133.0760040283203
2023-01-20,135.69398498535156,133.13502502441406
2023-01-23,138.88287353515625,135.69398498535156
2023-01-24,140.2804412841797,138.88287353515625
2023-01-25,139.6210174560547,140.2804412841797
2023-01-26,141.68789672851562,139.6210174560547
2023-01-27,143.62680053710938,141.68789672851562
2023-01-30,140.74302673339844,143.62680053710938
2023-01-31,142.01271057128906,140.74302673339844
2023-02-01,143.1346893310547,142.01271057128906
2023-02-02,148.4396209716797,143.1346893310547
2023-02-03,152.06153869628906,148.4396209716797
2023-02-06,149.33526611328125,152.06153869628906
2023-02-07,152.2091827392578,149.33526611328125
2023-02-08,149.52224731445312,152.2091827392578
2023-02-09,148.4888153076172,149.52224731445312
2023-02-10,148.85354614257812,148.4888153076172
2023-02-13,151.65301513671875,148.85354614257812
2023-02-14,151.0122833251953,151.65301513671875
2023-02-15,153.11183166503906,151.0122833251953
2023-02-16,151.5150146484375,153.11183166503906
2023-02-17,150.37155151367188,151.5150146484375
2023-02-21,146.3596649169922,150.37155151367188
2023-02-22,146.78350830078125,146.3596649169922
2023-02-23,147.2665252685547,146.78350830078125
2023-02-24,144.6149444580078,147.2665252685547
2023-02-27,145.80764770507812,144.6149444580078
2023-02-28,145.30496215820312,145.80764770507812
2023-03-01,143.23492431640625,145.30496215820312
2023-03-02,143.82635498046875,143.23492431640625
2023-03-03,148.8732452392578,143.82635498046875
2023-03-06,151.6332550048828,148.8732452392578
2023-03-07,149.4351043701172,151.6332550048828
2023-03-08,150.68698120117188,149.4351043701172
2023-03-09,148.43954467773438,150.68698120117188
2023-03-10,146.37937927246094,148.43954467773438
2023-03-13,148.32125854492188,146.37937927246094
2023-03-14,150.4109649658203,148.32125854492188
2023-03-15,150.80528259277344,150.4109649658203
2023-03-16,153.6244354248047,150.80528259277344
2023-03-17,152.7865447998047,153.6244354248047
2023-03-20,155.15231323242188,152.7865447998047
2023-03-21,157.00543212890625,155.15231323242188
2023-03-22,155.57614135742188,157.00543212890625
2023-03-23,156.66041564941406,155.57614135742188
2023-03-24,157.96156311035156,156.66041564941406
2023-03-27,156.01971435546875,157.96156311035156
2023-03-28,155.39871215820312,156.01971435546875
2023-03-29,158.4741973876953,155.39871215820312
2023-03-30,160.0414581298828,158.4741973876953
2023-03-31,162.54519653320312,160.0414581298828
2023-04-03,163.7970428466797,162.54519653320312
2023-04-04,163.26475524902344,163.7970428466797
2023-04-05,161.4214630126953,163.26475524902344
2023-04-06,162.30862426757812,161.4214630126953
2023-04-10,159.71617126464844,162.30862426757812
2023-04-11,158.5037384033203,159.71617126464844
2023-04-12,157.81375122070312,158.5037384033203
2023-04-13,163.19577026367188,157.81375122070312
2023-04-14,162.8507537841797,163.19577026367188
2023-04-17,162.87046813964844,162.8507537841797
2023-04-18,164.09278869628906,162.87046813964844
2023-04-19,165.23622131347656,164.09278869628906
2023-04-20,164.27017211914062,165.23622131347656
2023-04-21,162.6634979248047,164.27017211914062
2023-04-24,162.9690704345703,162.6634979248047
2023-04-25,161.43130493164062,162.9690704345703
2023-04-26,161.4214630126953,161.43130493164062
2023-04-27,166.0050811767578,161.4214630126953
2023-04-28,167.25692749023438,166.0050811767578
2023-05-01,167.168212890625,167.25692749023438
2023-05-02,166.1331787109375,167.168212890625
2023-05-03,165.0587921142578,166.1331787109375
2023-05-04,163.42247009277344,165.0587921142578
2023-05-05,171.09140014648438,163.42247009277344
2023-05-08,171.0223846435547,171.09140014648438
2023-05-09,169.3170623779297,171.0223846435547
2023-05-10,171.08152770996094,169.3170623779297
2023-05-11,171.26882934570312,171.08152770996094
2023-05-12,170.3409423828125,171.26882934570312
2023-05-15,169.847412109375,170.3409423828125
2023-05-16,169.847412109375,169.847412109375
2023-05-17,170.45941162109375,169.847412109375
2023-05-18,172.78892517089844,170.45941162109375
2023-05-19,172.8975067138672,172.78892517089844
2023-05-22,171.94989013671875,172.8975067138672
2023-05-23,169.343994140625,171.94989013671875
2023-05-24,169.62034606933594,169.343994140625
2023-05-25,170.7555389404297,169.62034606933594
2023-05-26,173.16400146484375,170.7555389404297
2023-05-30,175.00982666015625,173.16400146484375
2023-05-31,174.9605255126953,175.00982666015625
2023-06-01,177.76382446289062,174.9605255126953
2023-06-02,178.61268615722656,177.76382446289062
2023-06-05,177.26039123535156,178.61268615722656
2023-06-06,176.8951873779297,177.26039123535156
2023-06-07,175.52316284179688,176.8951873779297
2023-06-08,178.23760986328125,175.52316284179688
2023-06-09,178.6226043701172,178.23760986328125
2023-06-12,181.416015625,178.6226043701172
2023-06-13,180.9422149658203,181.416015625
2023-06-14,181.57394409179688,180.9422149658203
2023-06-15,183.60733032226562,181.57394409179688
2023-06-16,182.5314483642578,183.60733032226562
2023-06-20,182.62025451660156,182.5314483642578
2023-06-21,181.58383178710938,182.62025451660156
2023-06-22,184.5845489501953,181.58383178710938
2023-06-23,184.2686767578125,184.5845489501953
2023-06-26,182.87689208984375,184.2686767578125
2023-06-27,185.63084411621094,182.87689208984375
2023-06-28,186.8054962158203,185.63084411621094
2023-06-29,187.14109802246094,186.8054962158203
2023-06-30,191.46453857421875,187.14109802246094
2023-07-03,189.9740447998047,191.46453857421875
2023-07-05,188.85861206054688,189.9740447998047
2023-07-06,189.33241271972656,188.85861206054688
2023-07-07,188.2169952392578,189.33241271972656
2023-07-10,186.17379760742188,188.2169952392578
2023-07-11,185.65061950683594,186.17379760742188
2023-07-12,187.31878662109375,185.65061950683594
2023-07-13,188.07882690429688,187.31878662109375
2023-07-14,188.22689819335938,188.07882690429688
2023-07-17,191.48426818847656,188.22689819335938
2023-07-18,191.2276611328125,191.48426818847656
2023-07-19,192.57992553710938,191.2276611328125
2023-07-20,190.63536071777344,192.57992553710938
2023-07-21,189.4607696533203,190.63536071777344
2023-07-24,190.26028442382812,189.4607696533203
2023-07-25,191.11903381347656,190.26028442382812
2023-07-26,191.98765563964844,191.11903381347656
2023-07-27,190.72425842285156,191.98765563964844
2023-07-28,193.30052185058594,190.72425842285156
2023-07-31,193.91249084472656,193.30052185058594
2023-08-01,193.0833282470703,193.91249084472656
2023-08-02,190.09249877929688,193.0833282470703
2023-08-03,188.70066833496094,190.09249877929688
2023-08-04,179.63926696777344,188.70066833496094
2023-08-07,176.5398406982422,179.63926696777344
2023-08-08,177.4775848388672,176.5398406982422
2023-08-09,175.88832092285156,177.4775848388672
2023-08-10,175.6711883544922,175.88832092285156
2023-08-11,175.73046875,175.6711883544922
2023-08-14,177.3811798095703,175.73046875
2023-08-15,175.39442443847656,177.3811798095703
2023-08-16,174.524658203125,175.39442443847656
2023-08-17,171.9844207763672,174.524658203125
2023-08-18,172.46875,171.9844207763672
2023-08-21,173.80311584472656,172.46875
2023-08-22,175.17698669433594,173.80311584472656
2023-08-23,179.0219268798828,175.17698669433594
2023-08-24,174.33685302734375,179.0219268798828
2023-08-25,176.54098510742188,174.33685302734375
2023-08-28,178.1027069091797,176.54098510742188
2023-08-29,181.98716735839844,178.1027069091797
2023-08-30,185.4762725830078,181.98716735839844
2023-08-31,185.69374084472656,185.4762725830078
2023-09-01,187.26528930664062,185.69374084472656
2023-09-05,187.50254821777344,187.26528930664062
2023-09-06,180.7911834716797,187.50254821777344
2023-09-07,175.50315856933594,180.7911834716797
2023-09-08,176.11598205566406,175.50315856933594
2023-09-11,177.28228759765625,176.11598205566406
2023-09-12,174.25778198242188,177.28228759765625
2023-09-13,172.19200134277344,174.25778198242188
2023-09-14,173.70423889160156,172.19200134277344
2023-09-15,172.9827117919922,173.70423889160156
2023-09-18,175.90843200683594,172.9827117919922
2023-09-19,176.99569702148438,175.90843200683594
2023-09-20,173.45716857910156,176.99569702148438
2023-09-21,171.9152069091797,173.45716857910156
2023-09-22,172.76524353027344,171.9152069091797
2023-09-25,174.0403289794922,172.76524353027344
2023-09-26,169.9680633544922,174.0403289794922
2023-09-27,168.45578002929688,169.9680633544922
2023-09-28,168.71273803710938,168.45578002929688
2023-09-29,169.22671508789062,168.71273803710938
2023-10-02,171.73731994628906,169.22671508789062
2023-10-03,170.40293884277344,171.73731994628906
2023-10-04,171.64833068847656,170.40293884277344
2023-10-05,172.8838348388672,171.64833068847656
2023-10-06,175.43397521972656,172.8838348388672
2023-10-09,176.91661071777344,175.43397521972656
2023-10-10,176.32357788085938,176.91661071777344
2023-10-11,177.71725463867188,176.32357788085938
2023-10-12,178.61671447753906,177.71725463867188
2023-10-13,176.7782440185547,178.61671447753906
2023-10-16,176.6497344970703,176.7782440185547
2023-10-17,175.09791564941406,176.6497344970703
2023-10-18,173.80311584472656,175.09791564941406
2023-10-19,173.42750549316406,173.80311584472656
2023-10-20,170.87741088867188,173.42750549316406
2023-10-23,170.9959716796875,170.87741088867188
2023-10-24,171.43089294433594,170.9959716796875
2023-10-25,169.11801147460938,171.43089294433594
2023-10-26,164.95677185058594,169.11801147460938
2023-10-27,166.2713623046875,164.95677185058594
2023-10-30,168.31736755371094,166.2713623046875
2023-10-31,168.7918243408203,168.31736755371094
2023-11-01,171.9547576904297,168.7918243408203
2023-11-02,175.51307678222656,171.9547576904297
2023-11-03,174.60372924804688,175.51307678222656
2023-11-06,177.1538543701172,174.60372924804688
2023-11-07,179.71385192871094,177.1538543701172
2023-11-08,180.7714080810547,179.71385192871094
2023-11-09,180.2969970703125,180.7714080810547
2023-11-10,184.48348999023438,180.2969970703125
2023-11-13,182.89993286132812,184.48348999023438
2023-11-14,185.51280212402344,182.89993286132812
2023-11-15,186.07693481445312,185.51280212402344
2023-11-16,187.7594757080078,186.07693481445312
2023-11-17,187.7397003173828,187.7594757080078
2023-11-20,189.48158264160156,187.7397003173828
2023-11-21,188.67987060546875,189.48158264160156
2023-11-22,189.34298706054688,188.67987060546875
2023-11-24,188.0167999267578,189.34298706054688
2023-11-27,187.83863830566406,188.0167999267578
2023-11-28,188.44236755371094,187.83863830566406
2023-11-29,187.42294311523438,188.44236755371094
2023-11-30,187.99696350097656,187.42294311523438
2023-12-01,189.2737274169922,187.99696350097656
2023-12-04,187.4823455810547,189.2737274169922
2023-12-05,191.43133544921875,187.4823455810547
2023-12-06,190.34263610839844,191.43133544921875
2023-12-07,192.27256774902344,190.34263610839844
2023-12-08,193.69776916503906,192.27256774902344
2023-12-11,191.1938018798828,193.69776916503906
2023-12-12,192.7080535888672,191.1938018798828
2023-12-13,195.92465209960938,192.7080535888672
2023-12-14,196.07310485839844,195.92465209960938
2023-12-15,195.5386505126953,196.07310485839844
2023-12-18,193.8759307861328,195.5386505126953
2023-12-19,194.91513061523438,193.8759307861328
2023-12-20,192.8268280029297,194.91513061523438
2023-12-21,192.67832946777344,192.8268280029297
2023-12-22,191.60948181152344,192.67832946777344
2023-12-26,191.06509399414062,191.60948181152344
2023-12-27,191.16407775878906,191.06509399414062
2023-12-28,191.5896759033203,191.16407775878906
2023-12-29,190.5504608154297,191.5896759033203
